id,app_id,task_id,arrival_time,priority
event_0,app_0,app_node_0,27/12/2022 10:14:35,False
event_1,app_0,app_node_1,27/12/2022 10:14:35,True
event_2,app_0,app_node_2,27/12/2022 10:14:35,False
event_3,app_0,app_node_3,27/12/2022 10:14:35,True
event_4,app_0,app_node_4,27/12/2022 10:14:35,False
event_5,app_0,app_node_5,27/12/2022 10:14:35,False
event_6,app_0,app_node_6,27/12/2022 10:14:35,False
event_7,app_0,app_node_7,27/12/2022 10:14:35,False
event_8,app_0,app_node_8,27/12/2022 10:14:35,False
event_9,app_0,app_node_9,27/12/2022 10:14:35,False
